drop_id,msd_slope_m2_s,msd_intercept_m2,diffusion_m2_s,diffusion_stderr_m2_s,msd_fit_r2,fit_point_count
1,3.0956892649625575e-11,-4.928047042856195e-13,1.5478446324812787e-11,1.4131928225994213e-13,0.9993335791399619,10
all,3.0956892649625575e-11,-4.928047042856195e-13,1.5478446324812787e-11,1.4131928225994213e-13,0.9993335791399619,10
