drop_id,fall_time_s,frame_count,vertical_speed_um_s,terminal_velocity_m_s,radius_m,radius_um,cunningham_factor,eta_air_pa_s,eta_slip_corrected_pa_s,fit_r2
1,11.966666666666667,360,66.389170439644,6.6389170439644e-05,7.500000000000001e-07,0.7500000000000001,1.107903610494284,1.81e-05,1.633716130947962e-05,1.0
