particle_id,lag_s,lag_step,start_index,end_index,t_start_s,t_end_s,t_pair_end_s,n_displacements,n_coordinate_points,expected_x2_um2,selection_score,normalized_mean,msd_penalty,stationarity_penalty,skewness,excess_kurtosis
particle3,0.5,5,1099,1849,109.9,184.4,184.9,150,151,18.410699177569377,0.03216981273944071,0.0018356260704151532,0.014548209030374851,0.021653100799317152,0.1241749465207283,-0.4883777983112547
particle3,1.0,10,880,2380,88.0,237.0,238.0,150,151,36.821398355138754,0.026053056075501405,0.013448711365467625,0.00018719615879173485,0.12484942769061692,-0.036497915178113266,-0.026418296988981904
particle3,1.5,15,18,2268,1.8,225.3,226.8,150,151,55.23209753270813,0.02935949399330348,0.0025945315950855123,0.020170041654644904,0.019511253124826988,0.021450402841813595,-0.40050051391558794
