drop_id,radius_um,diffusion_m2_s,k_B_J_K,k_B_ratio_to_SI,cunningham_factor,eta_slip_corrected_pa_s,drift_velocity_um_s,msd_fit_r2,fit_point_count
drop1,0.23138901614172208,1.8247879841760584e-11,3.6407633475526616e-24,0.26369941582202727,1.3497474046959348,1.3409916505138595e-05,0.08494137597863209,0.9984798381060574,20
