drop_id,drift_velocity_um_s,drift_fit_r2
drop1,0.08494137597863209,0.13808447582584574
