particle_id,lag_s,start_index,end_index,sample_t_start_s,sample_t_end_s,pair_t_end_s,n_displacements,n_coordinate_points,x_mean_um,x2_mean_um2,x_variance_um2,D_um2_s,k_B_J_K,relative_error_pct,k_B_slip_corrected_J_K,slip_corrected_relative_error_pct,selection_score
particle3,0.5,1099,1849,109.9,184.4,184.9,150,151,0.007933333333333313,18.678541877600004,18.678478939822224,18.678541877600004,1.6809945056005994e-23,21.75393641690243,1.5217358690030773e-23,10.218880323896748,0.03216981273944071
particle3,1.0,880,2380,88.0,237.0,238.0,150,151,-0.08159999999999998,36.81450553080533,36.80784697080533,18.407252765402664,1.6565795641120518e-23,19.98556940337853,1.4996340167489797e-23,8.618049681633757,0.026053056075501405
particle3,1.5,18,2268,1.8,225.3,226.8,150,151,0.019086666666666596,54.1180638248,54.11769952395556,18.039354608266663,1.6234701926836613e-23,17.587467392774066,1.4696614511428087e-23,6.447145591878065,0.02935949399330348
