drop_id,drift_velocity_um_s,drift_fit_r2
drop1,0.07962567739248033,0.12088391338346499
