drop_id,msd_slope_m2_s,msd_intercept_m2,diffusion_m2_s,diffusion_stderr_m2_s,msd_fit_r2,fit_point_count
all,4.08634984496993e-12,1.9565269521078093e-10,2.043174922484965e-12,1.8683128114118266e-13,0.8691810028719175,20
drop1,4.08634984496993e-12,1.9565269521078093e-10,2.043174922484965e-12,1.8683128114118266e-13,0.8691810028719175,20
