drop_id,radius_um,diffusion_m2_s,k_B_J_K,k_B_ratio_to_SI,cunningham_factor,eta_slip_corrected_pa_s,drift_velocity_um_s,msd_fit_r2,fit_point_count
drop1,0.037676377190102764,2.043174922484965e-12,2.8459939565627887e-26,0.0020613450316212074,3.147969468040362,5.749738103802959e-06,-0.002771233101568968,0.8691810028719175,20
