drop_id,drift_velocity_um_s,drift_fit_r2
drop1,-0.002771233101568968,0.0011234818209940017
