particle_id,lag_s,lag_step,start_index,end_index,t_start_s,t_end_s,t_pair_end_s,n_displacements,n_coordinate_points,expected_x2_um2,selection_score,normalized_mean,msd_penalty,stationarity_penalty,skewness,excess_kurtosis
particle1,0.5,5,2687,3437,268.7,343.2,343.7,150,151,19.034455612220125,0.016026754061015353,0.0007171458011524469,0.0029004295607742148,0.14198225586554802,-0.01639855863498868,0.04403196665310727
particle1,1.0,10,290,1790,29.0,178.0,179.0,150,151,38.06891122444025,0.024368970867094587,0.001656473385634784,0.022213228984692503,0.011233263876864649,0.046537976233842863,-0.15750709081334957
particle1,1.5,15,741,2991,74.1,297.6,299.1,150,151,57.10336683666037,0.017859035197061297,0.001284255963258822,0.0009699045735570507,0.1196991499525341,0.049754387478572686,0.15328778648724706
