drop_id,radius_um,diffusion_m2_s,k_B_J_K,k_B_ratio_to_SI,cunningham_factor,eta_slip_corrected_pa_s,drift_velocity_um_s,msd_fit_r2,fit_point_count
1,0.28962062209313905,2.2023923829253648e-11,5.8022788903097154e-24,0.4202573492835409,1.2794266074212337,1.414696231500274e-05,0.05364784025672122,0.9996464116656728,10
