drop_id,drift_velocity_um_s,drift_fit_r2
1,0.05364784025672122,0.05878095425671295
